client_id,class_id,sample_count
client_0,0,83
client_0,1,323
client_0,2,24
client_0,3,230
client_0,4,1029
client_0,5,1232
client_0,6,167
client_0,7,884
client_0,8,21
client_0,9,1
client_0,10,45
client_0,11,60
client_0,12,163
client_0,13,258
client_0,14,345
client_0,15,116
client_0,16,0
client_0,17,116
client_0,18,199
client_0,19,2
client_0,20,247
client_0,21,54
client_0,22,7
client_0,23,52
client_0,24,113
client_0,25,110
client_0,26,169
client_0,27,120
client_0,28,28
client_0,29,35
client_0,30,13
client_0,31,476
client_0,32,40
client_0,33,220
client_0,34,3
client_0,35,267
client_0,36,39
client_0,37,34
client_0,38,456
client_0,39,70
client_0,40,31
client_0,41,62
client_0,42,0
client_1,0,48
client_1,1,533
client_1,2,545
client_1,3,86
client_1,4,135
client_1,5,114
client_1,6,192
client_1,7,370
client_1,8,763
client_1,9,40
client_1,10,273
client_1,11,347
client_1,12,235
client_1,13,1059
client_1,14,15
client_1,15,112
client_1,16,29
client_1,17,61
client_1,18,338
client_1,19,31
client_1,20,3
client_1,21,44
client_1,22,124
client_1,23,19
client_1,24,11
client_1,25,103
client_1,26,387
client_1,27,2
client_1,28,0
client_1,29,110
client_1,30,356
client_1,31,149
client_1,32,31
client_1,33,41
client_1,34,10
client_1,35,453
client_1,36,180
client_1,37,23
client_1,38,1262
client_1,39,55
client_1,40,7
client_1,41,15
client_1,42,0
client_2,0,2
client_2,1,196
client_2,2,571
client_2,3,81
client_2,4,95
client_2,5,158
client_2,6,21
client_2,7,5
client_2,8,416
client_2,9,4
client_2,10,1624
client_2,11,547
client_2,12,705
client_2,13,285
client_2,14,313
client_2,15,168
client_2,16,42
client_2,17,0
client_2,18,652
client_2,19,21
client_2,20,102
client_2,21,2
client_2,22,101
client_2,23,28
client_2,24,57
client_2,25,15
client_2,26,12
client_2,27,6
client_2,28,114
client_2,29,6
client_2,30,45
client_2,31,11
client_2,32,84
client_2,33,0
client_2,34,246
client_2,35,5
client_2,36,21
client_2,37,111
client_2,38,1
client_2,39,59
client_2,40,64
client_2,41,2
client_2,42,53
client_3,0,15
client_3,1,228
client_3,2,1066
client_3,3,20
client_3,4,553
client_3,5,302
client_3,6,3
client_3,7,146
client_3,8,72
client_3,9,1181
client_3,10,21
client_3,11,197
client_3,12,849
client_3,13,61
client_3,14,72
client_3,15,29
client_3,16,231
client_3,17,3
client_3,18,11
client_3,19,2
client_3,20,2
client_3,21,230
client_3,22,152
client_3,23,283
client_3,24,62
client_3,25,294
client_3,26,24
client_3,27,3
client_3,28,216
client_3,29,99
client_3,30,8
client_3,31,26
client_3,32,49
client_3,33,381
client_3,34,122
client_3,35,382
client_3,36,33
client_3,37,18
client_3,38,109
client_3,39,42
client_3,40,236
client_3,41,8
client_3,42,187
client_4,0,62
client_4,1,940
client_4,2,44
client_4,3,993
client_4,4,168
client_4,5,54
client_4,6,37
client_4,7,35
client_4,8,138
client_4,9,244
client_4,10,47
client_4,11,169
client_4,12,148
client_4,13,497
client_4,14,35
client_4,15,205
client_4,16,118
client_4,17,930
client_4,18,0
client_4,19,154
client_4,20,6
client_4,21,0
client_4,22,6
client_4,23,128
client_4,24,27
client_4,25,978
client_4,26,8
client_4,27,109
client_4,28,182
client_4,29,20
client_4,30,28
client_4,31,118
client_4,32,36
client_4,33,47
client_4,34,39
client_4,35,93
client_4,36,117
client_4,37,24
client_4,38,242
client_4,39,74
client_4,40,22
client_4,41,153
client_4,42,0
