class_id,num_test_samples_mu0,class_accuracy_mu0,num_test_samples_mu0p1,class_accuracy_mu0p1,accuracy_delta_percentage_points,correct_mu0,correct_mu0p1,correct_delta
0,60,0.0,60,0.0333333333333333,3.33333333333333,0,2,2
1,720,0.9111111111111112,720,0.9625,5.138888888888882,656,693,37
2,750,0.8386666666666667,750,0.8786666666666667,4.0000000000000036,629,659,30
3,450,0.8333333333333334,450,0.8533333333333334,2.0000000000000018,375,384,9
4,660,0.8606060606060606,660,0.8590909090909091,-0.15151515151514694,568,567,-1
5,630,0.2952380952380952,630,0.419047619047619,12.380952380952381,186,264,78
6,150,0.42,150,0.68,26.000000000000007,63,102,39
7,450,0.7822222222222223,450,0.8888888888888888,10.666666666666657,352,400,48
8,450,0.6866666666666666,450,0.7977777777777778,11.111111111111116,309,359,50
9,480,0.7354166666666667,480,0.8604166666666667,12.5,353,413,60
10,660,0.987878787878788,660,0.956060606060606,-3.1818181818181968,652,631,-21
11,420,0.7666666666666667,420,0.8857142857142857,11.904761904761896,322,372,50
12,690,0.8942028985507247,690,0.855072463768116,-3.913043478260869,617,590,-27
13,720,0.9847222222222224,720,0.9902777777777778,0.5555555555555425,709,713,4
14,270,1.0,270,1.0,0.0,270,270,0
15,210,0.9952380952380953,210,1.0,0.4761904761904745,209,210,1
16,150,0.94,150,1.0,6.000000000000005,141,150,9
17,360,0.7833333333333333,360,0.8027777777777778,1.9444444444444486,282,289,7
18,390,0.6230769230769231,390,0.7538461538461538,13.076923076923075,243,294,51
19,60,0.4333333333333333,60,0.7333333333333333,30.0,26,44,18
20,90,0.5555555555555556,90,0.9555555555555556,40.0,50,86,36
21,90,0.6111111111111112,90,0.5333333333333333,-7.777777777777784,55,48,-7
22,120,0.8083333333333333,120,0.7583333333333333,-5.000000000000004,97,91,-6
23,150,0.5133333333333333,150,0.62,10.666666666666668,77,93,16
24,90,0.8111111111111111,90,0.9111111111111112,10.000000000000009,73,82,9
25,480,0.7104166666666667,480,0.8354166666666667,12.5,341,401,60
26,180,0.95,180,0.9666666666666668,1.666666666666683,171,174,3
27,60,0.4166666666666667,60,0.4833333333333333,6.66666666666666,25,29,4
28,150,0.7466666666666667,150,0.8733333333333333,12.666666666666659,112,131,19
29,90,0.9666666666666668,90,0.7888888888888889,-17.777777777777793,87,71,-16
30,150,0.5333333333333333,150,0.5933333333333334,6.000000000000005,80,89,9
31,270,0.8740740740740741,270,0.9074074074074074,3.3333333333333326,236,245,9
32,60,0.9333333333333332,60,1.0,6.666666666666677,56,60,4
33,210,0.680952380952381,210,0.8857142857142857,20.47619047619047,143,186,43
34,120,1.0,120,0.9833333333333332,-1.666666666666683,120,118,-2
35,390,0.7692307692307693,390,0.8615384615384616,9.230769230769232,300,336,36
36,120,0.775,120,0.5833333333333334,-19.166666666666664,93,70,-23
37,60,0.45,60,0.8166666666666667,36.666666666666664,27,49,22
38,690,0.6202898550724638,690,0.9260869565217392,30.579710144927542,428,639,211
39,90,0.6555555555555556,90,0.6666666666666666,1.1111111111111072,59,60,1
40,90,0.7777777777777778,90,0.9888888888888888,21.111111111111104,70,89,19
41,60,0.9166666666666666,60,0.7,-21.666666666666668,55,42,-13
42,90,0.8,90,0.8888888888888888,8.888888888888879,72,80,8
