,pred_0,pred_1,pred_2,pred_3,pred_4,pred_5,pred_6,pred_7,pred_8,pred_9,pred_10,pred_11,pred_12,pred_13,pred_14,pred_15,pred_16,pred_17,pred_18,pred_19,pred_20,pred_21,pred_22,pred_23,pred_24,pred_25,pred_26,pred_27,pred_28,pred_29,pred_30,pred_31,pred_32,pred_33,pred_34,pred_35,pred_36,pred_37,pred_38,pred_39,pred_40,pred_41,pred_42
true_0,27,32,0,0,1,0,0,0,0,0,0,0,0,0,0,0,0,0,0,0,0,0,0,0,0,0,0,0,0,0,0,0,0,0,0,0,0,0,0,0,0,0,0
true_1,5,702,8,0,0,0,0,0,5,0,0,0,0,0,0,0,0,0,0,0,0,0,0,0,0,0,0,0,0,0,0,0,0,0,0,0,0,0,0,0,0,0,0
true_2,0,25,710,8,0,1,0,2,0,0,0,0,0,0,0,0,0,0,0,0,0,0,0,0,0,0,0,0,0,0,0,0,0,0,0,0,0,0,4,0,0,0,0
true_3,0,2,0,400,0,44,0,1,0,0,1,0,0,0,0,0,0,0,0,0,0,0,0,0,0,1,0,0,0,0,0,0,0,0,0,0,0,0,0,0,0,0,1
true_4,0,51,9,0,573,0,0,4,16,0,1,0,0,2,0,0,0,0,0,0,0,0,0,0,1,2,0,0,0,0,0,0,0,0,0,1,0,0,0,0,0,0,0
true_5,0,0,21,7,1,586,0,8,4,0,0,0,0,0,0,0,0,0,0,0,1,0,0,1,0,0,0,0,0,0,0,1,0,0,0,0,0,0,0,0,0,0,0
true_6,0,0,0,0,0,0,112,0,0,0,0,0,1,0,0,0,0,0,0,0,0,0,0,0,0,0,0,0,0,0,0,0,0,0,0,0,0,0,0,0,2,2,33
true_7,0,0,0,2,1,5,0,413,28,0,0,0,0,0,0,0,0,0,0,0,0,0,0,0,0,0,0,0,0,0,1,0,0,0,0,0,0,0,0,0,0,0,0
true_8,0,0,0,11,1,11,0,8,417,0,0,0,0,2,0,0,0,0,0,0,0,0,0,0,0,0,0,0,0,0,0,0,0,0,0,0,0,0,0,0,0,0,0
true_9,0,0,1,3,0,0,0,0,0,446,30,0,0,0,0,0,0,0,0,0,0,0,0,0,0,0,0,0,0,0,0,0,0,0,0,0,0,0,0,0,0,0,0
true_10,0,0,0,0,0,0,0,0,2,0,655,0,0,0,0,0,0,0,0,0,2,0,0,0,0,0,0,0,0,0,0,1,0,0,0,0,0,0,0,0,0,0,0
true_11,0,0,0,0,0,0,0,0,0,0,0,400,1,0,0,0,0,0,0,0,0,1,0,2,0,9,0,3,0,0,4,0,0,0,0,0,0,0,0,0,0,0,0
true_12,0,0,0,0,0,0,0,0,0,0,0,1,660,2,0,0,0,0,0,0,0,0,0,0,0,2,0,0,0,0,0,0,0,0,0,0,6,0,18,0,1,0,0
true_13,0,0,0,0,0,0,1,0,0,0,0,0,1,718,0,0,0,0,0,0,0,0,0,0,0,0,0,0,0,0,0,0,0,0,0,0,0,0,0,0,0,0,0
true_14,0,0,0,0,0,0,0,0,0,0,0,0,0,0,270,0,0,0,0,0,0,0,0,0,0,0,0,0,0,0,0,0,0,0,0,0,0,0,0,0,0,0,0
true_15,0,0,0,0,0,0,0,0,0,0,0,0,0,0,0,210,0,0,0,0,0,0,0,0,0,0,0,0,0,0,0,0,0,0,0,0,0,0,0,0,0,0,0
true_16,0,0,0,0,0,0,0,0,0,0,0,0,0,0,0,0,150,0,0,0,0,0,0,0,0,0,0,0,0,0,0,0,0,0,0,0,0,0,0,0,0,0,0
true_17,0,9,0,0,0,11,0,0,0,22,0,0,2,8,11,0,15,282,0,0,0,0,0,0,0,0,0,0,0,0,0,0,0,0,0,0,0,0,0,0,0,0,0
true_18,0,0,0,0,0,0,0,0,0,0,1,14,0,1,0,0,0,0,327,0,0,0,4,1,1,3,24,4,2,1,7,0,0,0,0,0,0,0,0,0,0,0,0
true_19,0,0,0,0,0,0,0,0,0,0,0,0,0,0,0,0,0,0,0,60,0,0,0,0,0,0,0,0,0,0,0,0,0,0,0,0,0,0,0,0,0,0,0
true_20,0,0,0,0,0,0,0,0,0,0,0,0,0,0,0,0,0,0,0,0,84,0,0,5,0,1,0,0,0,0,0,0,0,0,0,0,0,0,0,0,0,0,0
true_21,0,3,0,0,0,0,0,0,0,0,0,0,0,0,0,0,0,0,0,0,0,59,4,0,0,0,0,0,0,23,0,1,0,0,0,0,0,0,0,0,0,0,0
true_22,0,0,0,0,0,0,0,0,0,0,0,0,0,0,0,0,0,0,0,0,0,0,89,0,0,31,0,0,0,0,0,0,0,0,0,0,0,0,0,0,0,0,0
true_23,0,0,0,0,0,0,0,0,0,0,0,1,0,0,0,0,0,0,0,29,0,0,0,110,2,0,1,0,0,0,6,1,0,0,0,0,0,0,0,0,0,0,0
true_24,0,0,0,0,0,0,0,0,0,0,0,1,0,0,0,0,0,0,0,0,0,0,0,0,88,1,0,0,0,0,0,0,0,0,0,0,0,0,0,0,0,0,0
true_25,0,0,0,0,0,0,5,0,0,0,0,21,0,0,0,0,0,0,1,1,1,0,6,0,1,435,3,0,2,0,2,0,0,0,0,0,0,0,0,0,2,0,0
true_26,0,0,0,0,0,0,0,0,0,0,0,0,0,0,0,4,0,0,1,2,0,0,0,0,0,1,172,0,0,0,0,0,0,0,0,0,0,0,0,0,0,0,0
true_27,0,0,0,0,0,0,0,0,0,0,0,0,0,0,0,0,0,0,0,0,0,0,0,0,0,30,2,28,0,0,0,0,0,0,0,0,0,0,0,0,0,0,0
true_28,0,0,0,0,0,0,0,0,0,0,0,0,0,0,0,0,0,0,0,0,0,0,4,0,1,2,0,0,138,5,0,0,0,0,0,0,0,0,0,0,0,0,0
true_29,1,0,0,0,0,0,0,0,0,0,0,0,0,0,0,0,0,0,0,0,0,0,1,0,0,0,1,0,0,87,0,0,0,0,0,0,0,0,0,0,0,0,0
true_30,0,0,0,0,0,0,0,0,0,0,0,4,0,5,0,0,0,0,0,0,29,0,0,6,0,0,0,0,0,14,91,1,0,0,0,0,0,0,0,0,0,0,0
true_31,0,0,0,0,0,0,0,0,0,0,1,0,0,0,0,0,0,0,0,0,17,0,0,0,0,0,0,0,0,0,1,251,0,0,0,0,0,0,0,0,0,0,0
true_32,0,0,0,0,0,0,0,0,0,0,0,0,0,0,0,0,0,0,0,0,0,0,0,0,0,0,0,0,0,0,0,0,60,0,0,0,0,0,0,0,0,0,0
true_33,0,0,0,0,0,0,0,0,0,0,0,0,0,0,0,0,0,0,0,0,0,0,0,0,0,0,0,0,0,0,0,0,0,204,2,1,0,0,0,3,0,0,0
true_34,0,0,0,0,0,0,0,0,0,0,0,0,0,0,0,0,0,0,0,0,0,0,0,0,0,0,0,0,0,0,0,0,0,0,117,0,0,0,3,0,0,0,0
true_35,0,0,0,0,0,0,0,0,0,0,0,0,0,0,0,2,0,0,0,0,0,0,0,0,0,0,0,0,0,0,0,0,0,3,1,363,2,2,11,1,4,1,0
true_36,0,0,0,0,0,0,0,0,0,0,0,0,0,0,0,0,0,0,0,0,0,0,0,0,0,0,0,0,0,0,0,0,0,0,4,12,103,1,0,0,0,0,0
true_37,0,0,0,0,0,0,0,0,0,0,0,0,0,0,0,0,0,0,0,0,0,0,0,0,0,0,0,0,0,0,0,0,0,0,0,8,0,52,0,0,0,0,0
true_38,0,0,0,0,0,0,0,0,0,0,0,0,3,0,0,0,0,0,0,0,0,0,0,0,0,0,0,0,0,0,0,0,0,0,9,0,0,0,674,0,4,0,0
true_39,0,0,0,0,0,0,0,0,0,0,0,0,0,0,0,0,0,0,0,0,0,0,0,0,0,0,0,0,0,0,0,0,0,19,0,1,1,0,5,64,0,0,0
true_40,0,0,0,0,0,0,0,0,0,0,0,0,1,0,0,0,0,0,0,0,0,0,0,0,0,0,0,0,0,0,0,0,0,0,0,4,1,0,0,0,84,0,0
true_41,0,0,0,0,0,0,0,0,0,1,0,0,0,0,0,0,0,0,0,0,0,0,0,0,0,0,0,0,0,0,0,0,0,0,0,0,0,0,0,0,0,45,14
true_42,0,2,0,0,0,0,0,0,0,0,0,0,7,0,0,0,0,0,0,0,0,0,0,0,0,0,0,0,0,0,0,0,0,0,0,0,0,0,0,0,0,1,80
