class_id,accuracy_alpha10,accuracy_alpha1,accuracy_alpha05,accuracy_alpha01,drop_alpha10_to_alpha01
19,1.0,0.9833333333333332,1.0,0.0,1.0
33,0.9952380952380953,0.9857142857142858,0.9952380952380953,0.0047619047619047,0.9904761904761905
38,0.9840579710144928,0.9681159420289857,0.9666666666666668,0.0,0.9840579710144928
8,0.9266666666666666,0.9088888888888887,0.9,0.0,0.9266666666666666
0,0.7,0.4,0.6666666666666666,0.0,0.7
17,0.8027777777777778,0.8111111111111111,0.8416666666666667,0.1055555555555555,0.6972222222222223
39,0.6888888888888889,0.7333333333333333,0.6666666666666666,0.0,0.6888888888888889
5,0.9507936507936507,0.9698412698412698,0.9317460317460318,0.3031746031746031,0.6476190476190476
6,0.9133333333333332,0.92,0.8733333333333333,0.3133333333333333,0.5999999999999999
23,0.88,0.8666666666666667,0.8666666666666667,0.5733333333333334,0.30666666666666664
9,0.99375,1.0,0.9479166666666666,0.6895833333333333,0.3041666666666667
20,0.9555555555555556,1.0,0.9,0.7111111111111111,0.24444444444444446
21,0.6111111111111112,0.6,0.5444444444444444,0.4222222222222222,0.18888888888888894
42,0.9555555555555556,0.9555555555555556,0.3444444444444444,0.7888888888888889,0.16666666666666674
30,0.6266666666666667,0.5933333333333334,0.5933333333333334,0.46,0.16666666666666669
2,0.952,0.94,0.952,0.808,0.1439999999999999
35,0.9102564102564102,0.9205128205128204,0.9256410256410256,0.8051282051282052,0.10512820512820509
25,0.9041666666666668,0.9208333333333332,0.9125,0.8145833333333333,0.08958333333333346
18,0.8435897435897436,0.8487179487179487,0.7743589743589744,0.7666666666666667,0.07692307692307687
27,0.5,0.4833333333333333,0.5,0.4666666666666667,0.033333333333333326
36,0.875,0.9333333333333332,0.9833333333333332,0.85,0.025000000000000022
7,0.8888888888888888,0.8666666666666667,0.9311111111111112,0.8644444444444445,0.02444444444444438
24,0.9444444444444444,0.9666666666666668,0.9555555555555556,0.9222222222222224,0.022222222222222032
26,0.9777777777777776,0.9611111111111112,0.9611111111111112,0.9666666666666668,0.01111111111111085
11,0.8642857142857143,0.8785714285714286,0.9333333333333332,0.8571428571428571,0.0071428571428572285
13,0.9972222222222222,0.9972222222222222,0.9972222222222222,0.9958333333333332,0.001388888888888995
28,0.9266666666666666,0.9533333333333334,0.9266666666666666,0.9266666666666666,0.0
32,1.0,1.0,1.0,1.0,0.0
29,0.9777777777777776,0.9111111111111112,0.9777777777777776,0.9777777777777776,0.0
16,1.0,1.0,1.0,1.0,0.0
4,0.8772727272727273,0.8651515151515151,0.8833333333333333,0.8787878787878788,-0.0015151515151514694
14,0.9962962962962963,1.0,0.9962962962962963,1.0,-0.0037037037037036535
34,0.9916666666666668,1.0,1.0,1.0,-0.008333333333333193
40,0.9666666666666668,0.9777777777777776,0.9111111111111112,0.9777777777777776,-0.01111111111111085
15,0.9857142857142858,0.9857142857142858,0.9904761904761904,1.0,-0.014285714285714235
3,0.9044444444444444,0.9488888888888888,0.9022222222222224,0.9222222222222224,-0.017777777777778003
31,0.9037037037037036,0.9074074074074074,0.9555555555555556,0.9222222222222224,-0.018518518518518823
1,0.975,0.9916666666666668,0.9777777777777776,0.9944444444444444,-0.019444444444444375
12,0.9492753623188406,0.9376811594202898,0.9347826086956522,0.972463768115942,-0.023188405797101463
10,0.9712121212121212,0.9893939393939394,0.9893939393939394,0.9954545454545456,-0.0242424242424244
22,0.7833333333333333,0.75,0.75,0.825,-0.04166666666666663
37,0.85,0.9833333333333332,0.8833333333333333,0.9833333333333332,-0.1333333333333332
41,0.7333333333333333,0.8666666666666667,0.5833333333333334,0.9833333333333332,-0.2499999999999999
