round,round_seconds,num_clients,total_client_train_samples,local_epochs,train_loss,train_accuracy,val_loss,val_accuracy,model_bytes,estimated_round_communication_bytes,estimated_cumulative_communication_bytes,tff_distributor,tff_client_work__train__accuracy,tff_client_work__train__loss,tff_client_work__train__num_examples,tff_client_work__train__num_batches,tff_aggregator__mean_value,tff_aggregator__mean_weight,tff_finalizer__update_non_finite
1,8.687181937999412,5,35274,1,2.4916369915008545,0.2593694925308227,3.609796047210693,0.0841168984770774,395180,3951800,3951800,(),0.2593694925308227,2.4916369915008545,35274,554,(),(),0
2,8.377863920999516,5,35274,1,2.245247602462769,0.3077054023742676,3.4631001949310303,0.090724267065525,395180,3951800,7903600,(),0.3077054023742676,2.245247602462769,35274,554,(),(),0
3,8.326417798998591,5,35274,1,2.1398262977600098,0.3329080939292907,3.474961757659912,0.0940279513597488,395180,3951800,11855400,(),0.3329080939292907,2.1398262977600098,35274,554,(),(),0
4,8.41594139100198,5,35274,1,2.09718918800354,0.3459488451480865,3.4799141883850098,0.1054637879133224,395180,3951800,15807200,(),0.3459488451480865,2.09718918800354,35274,554,(),(),0
5,8.781203778002237,5,35274,1,2.053594827651977,0.3580824434757232,3.4872748851776123,0.1034307479858398,395180,3951800,19759000,(),0.3580824434757232,2.053594827651977,35274,554,(),(),0
6,8.944886676999886,5,35274,1,2.012467384338379,0.3701026141643524,3.5165929794311523,0.11207115650177,395180,3951800,23710800,(),0.3701026141643524,2.012467384338379,35274,554,(),(),0
7,9.091725726000732,5,35274,1,1.9870810508728027,0.37529057264328,3.5055058002471924,0.1174078807234764,395180,3951800,27662600,(),0.37529057264328,1.9870810508728027,35274,554,(),(),0
8,8.227532920001977,5,35274,1,1.9549249410629272,0.3858932852745056,3.473867177963257,0.1285895854234695,395180,3951800,31614400,(),0.3858932852745056,1.9549249410629272,35274,554,(),(),0
9,8.823780975999398,5,35274,1,1.9284676313400269,0.3930657207965851,3.440808057785034,0.135451078414917,395180,3951800,35566200,(),0.3930657207965851,1.9284676313400269,35274,554,(),(),0
10,8.887489550001192,5,35274,1,1.889984488487244,0.4051142632961273,3.3890597820281982,0.1473951786756515,395180,3951800,39518000,(),0.4051142632961273,1.889984488487244,35274,554,(),(),0
11,8.82165462500052,5,35274,1,1.84966254234314,0.4141010344028473,3.3935256004333496,0.1519695073366165,395180,3951800,43469800,(),0.4141010344028473,1.84966254234314,35274,554,(),(),0
12,8.450715455001045,5,35274,1,1.8097206354141235,0.4283324778079986,3.3005099296569824,0.1616264283657074,395180,3951800,47421600,(),0.4283324778079986,1.8097206354141235,35274,554,(),(),0
13,8.879104728999664,5,35274,1,1.7725603580474854,0.4397289752960205,3.288618564605713,0.1679796725511551,395180,3951800,51373400,(),0.4397289752960205,1.7725603580474854,35274,554,(),(),0
14,9.518863979999878,5,35274,1,1.7324485778808594,0.4513806104660034,3.2285335063934326,0.1799237579107284,395180,3951800,55325200,(),0.4513806104660034,1.7324485778808594,35274,554,(),(),0
15,8.818134221997752,5,35274,1,1.689996361732483,0.4649600386619568,3.188193082809448,0.1870393902063369,395180,3951800,59277000,(),0.4649600386619568,1.689996361732483,35274,554,(),(),0
16,8.920891727000708,5,35274,1,1.6366839408874512,0.484747976064682,3.1219029426574707,0.2017789036035537,395180,3951800,63228800,(),0.484747976064682,1.6366839408874512,35274,554,(),(),0
17,8.68620295099754,5,35274,1,1.588170289993286,0.498582512140274,3.082507848739624,0.2109275758266449,395180,3951800,67180600,(),0.498582512140274,1.588170289993286,35274,554,(),(),0
18,8.40615186300056,5,35274,1,1.541020154953003,0.5134943723678589,3.036651849746704,0.2205844968557357,395180,3951800,71132400,(),0.5134943723678589,1.541020154953003,35274,554,(),(),0
19,8.790344985998672,5,35274,1,1.4828248023986816,0.5325735807418823,3.0069000720977783,0.237611174583435,395180,3951800,75084200,(),0.5325735807418823,1.4828248023986816,35274,554,(),(),0
20,8.750636777000182,5,35274,1,1.4530458450317385,0.54368656873703,2.9050610065460205,0.2401524782180786,395180,3951800,79036000,(),0.54368656873703,1.4530458450317385,35274,554,(),(),0
21,8.779693414002395,5,35274,1,1.4080549478530884,0.5551964640617371,2.849972486495972,0.2541296184062958,395180,3951800,82987800,(),0.5551964640617371,1.4080549478530884,35274,554,(),(),0
22,8.659539003001555,5,35274,1,1.3543087244033811,0.5731416940689087,2.8180720806121826,0.271664559841156,395180,3951800,86939600,(),0.5731416940689087,1.3543087244033811,35274,554,(),(),0
23,8.798180827001488,5,35274,1,1.3209120035171509,0.5804842114448547,2.7867624759674072,0.2747141122817993,395180,3951800,90891400,(),0.5804842114448547,1.3209120035171509,35274,554,(),(),0
24,9.078745463000814,5,35274,1,1.2761660814285278,0.5914838314056396,2.7807116508483887,0.2762388885021209,395180,3951800,94843200,(),0.5914838314056396,1.2761660814285278,35274,554,(),(),0
25,9.137397594000504,5,35274,1,1.247504711151123,0.6024833917617798,2.6867988109588623,0.3105463683605194,395180,3951800,98795000,(),0.6024833917617798,1.247504711151123,35274,554,(),(),0
26,8.691470072000811,5,35274,1,1.2045210599899292,0.6131995320320129,2.62292218208313,0.3163913488388061,395180,3951800,102746800,(),0.6131995320320129,1.2045210599899292,35274,554,(),(),0
27,8.946271264998359,5,35274,1,1.1663439273834229,0.6260702013969421,2.630434513092041,0.3209657073020935,395180,3951800,106698600,(),0.6260702013969421,1.1663439273834229,35274,554,(),(),0
28,8.758470001997921,5,35274,1,1.1409869194030762,0.6337812542915344,2.57449722290039,0.3372299969196319,395180,3951800,110650400,(),0.6337812542915344,1.1409869194030762,35274,554,(),(),0
29,8.738714114999311,5,35274,1,1.105672001838684,0.6416057348251343,2.537374258041382,0.3479034304618835,395180,3951800,114602200,(),0.6416057348251343,1.105672001838684,35274,554,(),(),0
30,8.879400247002195,5,35274,1,1.0749859809875488,0.654391348361969,2.490429639816284,0.3557814359664917,395180,3951800,118554000,(),0.654391348361969,1.0749859809875488,35274,554,(),(),0
31,8.752726721999352,5,35274,1,1.0439202785491943,0.661733865737915,2.4676506519317627,0.3634053468704223,395180,3951800,122505800,(),0.661733865737915,1.0439202785491943,35274,554,(),(),0
32,8.564460879999388,5,35274,1,1.0244933366775513,0.6687078475952148,2.4788413047790527,0.3702668249607086,395180,3951800,126457600,(),0.6687078475952148,1.0244933366775513,35274,554,(),(),0
33,8.873489638001047,5,35274,1,0.9882235527038574,0.6791404485702515,2.4249207973480225,0.3872935175895691,395180,3951800,130409400,(),0.6791404485702515,0.9882235527038574,35274,554,(),(),0
34,9.134521735999442,5,35274,1,0.9697229862213136,0.6851788759231567,2.443733692169189,0.3867852687835693,395180,3951800,134361200,(),0.6851788759231567,0.9697229862213136,35274,554,(),(),0
35,8.867359683001268,5,35274,1,0.9424582719802856,0.6915008425712585,2.4241321086883545,0.3794155120849609,395180,3951800,138313000,(),0.6915008425712585,0.9424582719802856,35274,554,(),(),0
36,8.889453833002335,5,35274,1,0.9221362471580504,0.6991835236549377,2.403214931488037,0.4060991108417511,395180,3951800,142264800,(),0.6991835236549377,0.9221362471580504,35274,554,(),(),0
37,8.966080059002707,5,35274,1,0.8914172649383545,0.7106651067733765,2.3480987548828125,0.4053367078304291,395180,3951800,146216600,(),0.7106651067733765,0.8914172649383545,35274,554,(),(),0
38,8.73388049499772,5,35274,1,0.8675587177276611,0.7191416025161743,2.3476758003234863,0.4147395193576813,395180,3951800,150168400,(),0.7191416025161743,0.8675587177276611,35274,554,(),(),0
39,8.736920219002059,5,35274,1,0.8523664474487305,0.7242444753646851,2.298856019973755,0.4254129528999328,395180,3951800,154120200,(),0.7242444753646851,0.8523664474487305,35274,554,(),(),0
40,8.887926224000694,5,35274,1,0.8300884962081909,0.7301695346832275,2.2881946563720703,0.4449809491634369,395180,3951800,158072000,(),0.7301695346832275,0.8300884962081909,35274,554,(),(),0
41,8.821890160001203,5,35274,1,0.8111767172813416,0.737767219543457,2.272150039672852,0.4520965814590454,395180,3951800,162023800,(),0.737767219543457,0.8111767172813416,35274,554,(),(),0
42,8.815873612998985,5,35274,1,0.788632869720459,0.7453081607818604,2.2403602600097656,0.4612452387809753,395180,3951800,165975600,(),0.7453081607818604,0.788632869720459,35274,554,(),(),0
43,8.965248136002629,5,35274,1,0.7749927639961243,0.7502409815788269,2.31217360496521,0.4670902192592621,395180,3951800,169927400,(),0.7502409815788269,0.7749927639961243,35274,554,(),(),0
44,8.910666726998898,5,35274,1,0.7611162066459656,0.7556840777397156,2.2856035232543945,0.4739517271518707,395180,3951800,173879200,(),0.7556840777397156,0.7611162066459656,35274,554,(),(),0
45,8.719634714998392,5,35274,1,0.7383813858032227,0.7635652422904968,2.268719434738159,0.4792884290218353,395180,3951800,177831000,(),0.7635652422904968,0.7383813858032227,35274,554,(),(),0
46,8.740252381998289,5,35274,1,0.7126134037971497,0.7701139450073242,2.2385644912719727,0.4777636528015136,395180,3951800,181782800,(),0.7701139450073242,0.7126134037971497,35274,554,(),(),0
47,9.351377270999365,5,35274,1,0.698880136013031,0.7765492796897888,2.1604011058807373,0.4853875339031219,395180,3951800,185734600,(),0.7765492796897888,0.698880136013031,35274,554,(),(),0
48,9.00762961700093,5,35274,1,0.6829509139060974,0.781255304813385,2.217115640640259,0.4955527186393738,395180,3951800,189686400,(),0.781255304813385,0.6829509139060974,35274,554,(),(),0
49,8.765609390000463,5,35274,1,0.6644154191017151,0.7865283489227295,2.193887948989868,0.5039390325546265,395180,3951800,193638200,(),0.7865283489227295,0.6644154191017151,35274,554,(),(),0
50,8.72467981400041,5,35274,1,0.6443596482276917,0.7945512533187866,2.1665902137756348,0.5130876898765564,395180,3951800,197590000,(),0.7945512533187866,0.6443596482276917,35274,554,(),(),0
51,8.816489848999481,5,35274,1,0.6274538040161133,0.8024323582649231,2.198037624359131,0.5158830881118774,395180,3951800,201541800,(),0.8024323582649231,0.6274538040161133,35274,554,(),(),0
52,8.838631285001611,5,35274,1,0.6192417144775391,0.804416835308075,2.130558967590332,0.529097855091095,395180,3951800,205493600,(),0.804416835308075,0.6192417144775391,35274,554,(),(),0
53,8.859729018997314,5,35274,1,0.6054730415344238,0.8097465634346008,2.109379529953003,0.5415502190589905,395180,3951800,209445400,(),0.8097465634346008,0.6054730415344238,35274,554,(),(),0
54,9.0475526980008,5,35274,1,0.5816978216171265,0.8161535263061523,2.1741931438446045,0.5537484288215637,395180,3951800,213397200,(),0.8161535263061523,0.5816978216171265,35274,554,(),(),0
55,8.967925843000558,5,35274,1,0.5788946151733398,0.8217951059341431,2.0733888149261475,0.5628970861434937,395180,3951800,217349000,(),0.8217951059341431,0.5788946151733398,35274,554,(),(),0
56,8.873454939999647,5,35274,1,0.5595967769622803,0.8246583938598633,2.1179802417755127,0.5682337880134583,395180,3951800,221300800,(),0.8246583938598633,0.5595967769622803,35274,554,(),(),0
57,8.78375642500032,5,35274,1,0.5445970892906189,0.8305550813674927,2.0238826274871826,0.5728081464767456,395180,3951800,225252600,(),0.8305550813674927,0.5445970892906189,35274,554,(),(),0
58,8.751849546999438,5,35274,1,0.5283771753311157,0.834949254989624,2.0102193355560303,0.5895807147026062,395180,3951800,229204400,(),0.834949254989624,0.5283771753311157,35274,554,(),(),0
59,8.860737907001749,5,35274,1,0.5190021991729736,0.8384929299354553,1.9985026121139529,0.57865309715271,395180,3951800,233156200,(),0.8384929299354553,0.5190021991729736,35274,554,(),(),0
60,8.997163533000275,5,35274,1,0.4960974156856537,0.8452684879302979,2.0703816413879395,0.5776365995407104,395180,3951800,237108000,(),0.8452684879302979,0.4960974156856537,35274,554,(),(),0
61,9.969199901999673,5,35274,1,0.5002145171165466,0.844106137752533,1.976195335388184,0.5964421629905701,395180,3951800,241059800,(),0.844106137752533,0.5002145171165466,35274,554,(),(),0
62,9.259941124997567,5,35274,1,0.475458413362503,0.8534047603607178,1.9945368766784668,0.5911054611206055,395180,3951800,245011600,(),0.8534047603607178,0.475458413362503,35274,554,(),(),0
63,9.389292322000983,5,35274,1,0.4821713268756866,0.8523274660110474,1.9890334606170652,0.5931385159492493,395180,3951800,248963400,(),0.8523274660110474,0.4821713268756866,35274,554,(),(),0
64,9.114743473997803,5,35274,1,0.4654988944530487,0.8574870824813843,1.937280774116516,0.6055908799171448,395180,3951800,252915200,(),0.8574870824813843,0.4654988944530487,35274,554,(),(),0
65,8.767815043000155,5,35274,1,0.4528856873512268,0.8594148755073547,1.9128001928329468,0.6005082726478577,395180,3951800,256867000,(),0.8594148755073547,0.4528856873512268,35274,554,(),(),0
66,9.074746680002136,5,35274,1,0.4413045942783355,0.8648295998573303,1.9100199937820437,0.616264283657074,395180,3951800,260818800,(),0.8648295998573303,0.4413045942783355,35274,554,(),(),0
67,8.83685623600104,5,35274,1,0.425723671913147,0.8690820336341858,1.899303913116455,0.6190597414970398,395180,3951800,264770600,(),0.8690820336341858,0.425723671913147,35274,554,(),(),0
68,8.885592544000247,5,35274,1,0.4232795834541321,0.8708397150039673,1.8603386878967283,0.6203303933143616,395180,3951800,268722400,(),0.8708397150039673,0.4232795834541321,35274,554,(),(),0
69,8.572928827998112,5,35274,1,0.4166469573974609,0.8739297986030579,1.920482873916626,0.6200762391090393,395180,3951800,272674200,(),0.8739297986030579,0.4166469573974609,35274,554,(),(),0
70,8.894460642997728,5,35274,1,0.4063018560409546,0.8760276436805725,1.888579607009888,0.6330368518829346,395180,3951800,276626000,(),0.8760276436805725,0.4063018560409546,35274,554,(),(),0
71,8.721859463999863,5,35274,1,0.3971269130706787,0.8803651332855225,1.922568440437317,0.6470139622688293,395180,3951800,280577800,(),0.8803651332855225,0.3971269130706787,35274,554,(),(),0
72,8.936101647002943,5,35274,1,0.4039248526096344,0.8798832297325134,1.8990991115570068,0.6421855092048645,395180,3951800,284529600,(),0.8798832297325134,0.4039248526096344,35274,554,(),(),0
73,8.867707297002198,5,35274,1,0.3842183351516723,0.8836537003517151,1.8446043729782104,0.6426937580108643,395180,3951800,288481400,(),0.8836537003517151,0.3842183351516723,35274,554,(),(),0
74,8.936002891998214,5,35274,1,0.373324453830719,0.8886998891830444,1.8873213529586792,0.6505717635154724,395180,3951800,292433200,(),0.8886998891830444,0.373324453830719,35274,554,(),(),0
75,8.823657609002112,5,35274,1,0.3667840659618377,0.8904008865356445,1.818471312522888,0.6508259177207947,395180,3951800,296385000,(),0.8904008865356445,0.3667840659618377,35274,554,(),(),0
76,8.77995556300084,5,35274,1,0.3699874877929687,0.8897204995155334,1.829231858253479,0.6543837189674377,395180,3951800,300336800,(),0.8897204995155334,0.3699874877929687,35274,554,(),(),0
77,8.755908538998483,5,35274,1,0.3671389818191528,0.8908544778823853,1.858228325843811,0.6551461219787598,395180,3951800,304288600,(),0.8908544778823853,0.3671389818191528,35274,554,(),(),0
78,8.818607106000854,5,35274,1,0.3478412926197052,0.8942564129829407,1.782130479812622,0.6587039232254028,395180,3951800,308240400,(),0.8942564129829407,0.3478412926197052,35274,554,(),(),0
79,8.757695533000515,5,35274,1,0.3446968495845794,0.8957589268684387,1.7855185270309448,0.6526048183441162,395180,3951800,312192200,(),0.8957589268684387,0.3446968495845794,35274,554,(),(),0
80,8.79522702900067,5,35274,1,0.345316469669342,0.8959290385246277,1.7624049186706543,0.6622617244720459,395180,3951800,316144000,(),0.8959290385246277,0.345316469669342,35274,554,(),(),0
81,8.973922008000955,5,35274,1,0.3354322612285614,0.90100359916687,1.8462426662445068,0.6609911322593689,395180,3951800,320095800,(),0.90100359916687,0.3354322612285614,35274,554,(),(),0
82,8.699201236999215,5,35274,1,0.3299877345561981,0.9010319113731384,1.780260682106018,0.6635323762893677,395180,3951800,324047600,(),0.9010319113731384,0.3299877345561981,35274,554,(),(),0
83,8.682444100999419,5,35274,1,0.3243970274925232,0.9030730724334716,1.7836921215057373,0.6838627457618713,395180,3951800,327999400,(),0.9030730724334716,0.3243970274925232,35274,554,(),(),0
84,8.954290706999018,5,35274,1,0.3204357922077179,0.9055678248405457,1.7643201351165771,0.6752223372459412,395180,3951800,331951200,(),0.9055678248405457,0.3204357922077179,35274,554,(),(),0
85,8.842641237002681,5,35274,1,0.314244270324707,0.9067585468292236,1.795923352241516,0.6864040493965149,395180,3951800,335903000,(),0.9067585468292236,0.314244270324707,35274,554,(),(),0
86,8.702777339000022,5,35274,1,0.305704802274704,0.90913987159729,1.7317484617233276,0.693011462688446,395180,3951800,339854800,(),0.90913987159729,0.305704802274704,35274,554,(),(),0
87,9.03853362299924,5,35274,1,0.302230566740036,0.9101887941360474,1.715373158454895,0.6891995072364807,395180,3951800,343806600,(),0.9101887941360474,0.302230566740036,35274,554,(),(),0
88,8.720388866000576,5,35274,1,0.295869916677475,0.913647472858429,1.7386268377304075,0.6851333975791931,395180,3951800,347758400,(),0.913647472858429,0.295869916677475,35274,554,(),(),0
89,8.700959046000207,5,35274,1,0.2900693118572235,0.915121614933014,1.6583130359649658,0.691486656665802,395180,3951800,351710200,(),0.915121614933014,0.2900693118572235,35274,554,(),(),0
90,8.83172443500007,5,35274,1,0.2787695825099945,0.9172478318214417,1.756723165512085,0.6968233585357666,395180,3951800,355662000,(),0.9172478318214417,0.2787695825099945,35274,554,(),(),0
91,8.87467973800085,5,35274,1,0.2862269282341003,0.917134404182434,1.6831324100494385,0.7044472694396973,395180,3951800,359613800,(),0.917134404182434,0.2862269282341003,35274,554,(),(),0
92,8.64931537600205,5,35274,1,0.2726990580558777,0.9198560118675232,1.6086493730545044,0.7006353139877319,395180,3951800,363565600,(),0.9198560118675232,0.2726990580558777,35274,554,(),(),0
93,8.996628249999048,5,35274,1,0.2664432227611542,0.9218971729278564,1.712354302406311,0.7052096724510193,395180,3951800,367517400,(),0.9218971729278564,0.2664432227611542,35274,554,(),(),0
94,9.154129612998076,5,35274,1,0.2593597769737243,0.9233713150024414,1.649176836013794,0.7118170261383057,395180,3951800,371469200,(),0.9233713150024414,0.2593597769737243,35274,554,(),(),0
95,9.044139042998722,5,35274,1,0.2652187943458557,0.921812117099762,1.6816304922103882,0.704955518245697,395180,3951800,375421000,(),0.921812117099762,0.2652187943458557,35274,554,(),(),0
96,9.34463031300038,5,35274,1,0.255634069442749,0.9250439405441284,1.7318114042282104,0.6965692639350891,395180,3951800,379372800,(),0.9250439405441284,0.255634069442749,35274,554,(),(),0
97,9.341894656998193,5,35274,1,0.2630552649497986,0.9261495471000672,1.722641944885254,0.7097839713096619,395180,3951800,383324600,(),0.9261495471000672,0.2630552649497986,35274,554,(),(),0
98,9.22461712400036,5,35274,1,0.2497861832380294,0.927482008934021,1.671876072883606,0.7161372303962708,395180,3951800,387276400,(),0.927482008934021,0.2497861832380294,35274,554,(),(),0
99,9.31077269600064,5,35274,1,0.2453110963106155,0.92765212059021,1.5947742462158203,0.7245234847068787,395180,3951800,391228200,(),0.92765212059021,0.2453110963106155,35274,554,(),(),0
100,9.349534816999949,5,35274,1,0.2396547943353653,0.929976761341095,1.6488986015319824,0.727573037147522,395180,3951800,395180000,(),0.929976761341095,0.2396547943353653,35274,554,(),(),0
101,7.757725988998573,5,35274,1,0.239485964179039,0.9317060708999634,1.6625856161117554,0.7212198376655579,395180,3951800,399131800,(),0.9317060708999634,0.239485964179039,35274,554,(),(),0
102,7.367085429999861,5,35274,1,0.23757807910442352,0.9310540556907654,1.619512915611267,0.7280813455581665,395180,3951800,403083600,(),0.9310540556907654,0.23757807910442352,35274,554,(),(),0
103,7.400708033997944,5,35274,1,0.22963033616542816,0.9343992471694946,1.7283360958099365,0.7265565395355225,395180,3951800,407035400,(),0.9343992471694946,0.22963033616542816,35274,554,(),(),0
104,7.479478517001553,5,35274,1,0.23493307828903198,0.9341724514961243,1.6210064888000488,0.7351969480514526,395180,3951800,410987200,(),0.9341724514961243,0.23493307828903198,35274,554,(),(),0
105,7.468970332000026,5,35274,1,0.22844567894935608,0.9352214336395264,1.6157596111297607,0.7288436889648438,395180,3951800,414939000,(),0.9352214336395264,0.22844567894935608,35274,554,(),(),0
106,7.974721022001177,5,35274,1,0.220223531126976,0.9368940591812134,1.6349750757217407,0.7377382516860962,395180,3951800,418890800,(),0.9368940591812134,0.220223531126976,35274,554,(),(),0
107,7.822594826997374,5,35274,1,0.22239935398101807,0.9377728700637817,1.6728367805480957,0.7316391468048096,395180,3951800,422842600,(),0.9377728700637817,0.22239935398101807,35274,554,(),(),0
108,7.85573360899798,5,35274,1,0.22588679194450378,0.9372058510780334,1.615114688873291,0.742566704750061,395180,3951800,426794400,(),0.9372058510780334,0.22588679194450378,35274,554,(),(),0
109,7.7996424960001605,5,35274,1,0.2183978110551834,0.9384248852729797,1.5854154825210571,0.7415502071380615,395180,3951800,430746200,(),0.9384248852729797,0.2183978110551834,35274,554,(),(),0
110,7.85213776800083,5,35274,1,0.21265606582164764,0.9407778978347778,1.6576623916625977,0.7458704113960266,395180,3951800,434698000,(),0.9407778978347778,0.21265606582164764,35274,554,(),(),0
111,7.830191233999358,5,35274,1,0.2165887951850891,0.9390485882759094,1.6517261266708374,0.750952959060669,395180,3951800,438649800,(),0.9390485882759094,0.2165887951850891,35274,554,(),(),0
112,7.853174190000573,5,35274,1,0.21481414139270782,0.9396156072616577,1.6131037473678589,0.7405336499214172,395180,3951800,442601600,(),0.9396156072616577,0.21481414139270782,35274,554,(),(),0
113,7.836281391999364,5,35274,1,0.20540796220302582,0.9427056908607483,1.6209619045257568,0.7527319192886353,395180,3951800,446553400,(),0.9427056908607483,0.20540796220302582,35274,554,(),(),0
114,7.803194078998786,5,35274,1,0.20867538452148438,0.9427623748779297,1.6148643493652344,0.7463786602020264,395180,3951800,450505200,(),0.9427623748779297,0.20867538452148438,35274,554,(),(),0
115,7.819626735999918,5,35274,1,0.20061631500720978,0.9429041147232056,1.5735670328140259,0.7496823668479919,395180,3951800,454457000,(),0.9429041147232056,0.20061631500720978,35274,554,(),(),0
116,7.804757385998528,5,35274,1,0.20055705308914185,0.9457957744598389,1.5613778829574585,0.751715362071991,395180,3951800,458408800,(),0.9457957744598389,0.20055705308914185,35274,554,(),(),0
117,7.796441063001112,5,35274,1,0.192671537399292,0.9464194774627686,1.6239877939224243,0.7519695162773132,395180,3951800,462360600,(),0.9464194774627686,0.192671537399292,35274,554,(),(),0
118,7.810570776000532,5,35274,1,0.1910596340894699,0.9472982883453369,1.5992329120635986,0.7583227157592773,395180,3951800,466312400,(),0.9472982883453369,0.1910596340894699,35274,554,(),(),0
119,8.186379516999295,5,35274,1,0.1880606859922409,0.9491126537322998,1.582114338874817,0.7608640193939209,395180,3951800,470264200,(),0.9491126537322998,0.1880606859922409,35274,554,(),(),0
120,8.103120163999847,5,35274,1,0.1883426457643509,0.9477802515029907,1.5721787214279175,0.7575603723526001,395180,3951800,474216000,(),0.9477802515029907,0.1883426457643509,35274,554,(),(),0
121,7.889621219001128,5,35274,1,0.18477559089660645,0.9491977095603943,1.638193964958191,0.7598475217819214,395180,3951800,478167800,(),0.9491977095603943,0.18477559089660645,35274,554,(),(),0
122,7.93938339899978,5,35274,1,0.19189946353435516,0.9480070471763611,1.5753649473190308,0.7618805766105652,395180,3951800,482119600,(),0.9480070471763611,0.19189946353435516,35274,554,(),(),0
123,8.368144657997618,5,35274,1,0.1828220784664154,0.9495662450790405,1.5970914363861084,0.7491740584373474,395180,3951800,486071400,(),0.9495662450790405,0.1828220784664154,35274,554,(),(),0
124,7.906182588001684,5,35274,1,0.18376491963863373,0.9488574862480164,1.5508612394332886,0.7555273175239563,395180,3951800,490023200,(),0.9488574862480164,0.18376491963863373,35274,554,(),(),0
125,7.891094839997095,5,35274,1,0.17822979390621185,0.9511538147926331,1.6764321327209473,0.7555273175239563,395180,3951800,493975000,(),0.9511538147926331,0.17822979390621185,35274,554,(),(),0
126,8.001518088000012,5,35274,1,0.1882607787847519,0.9505017995834351,1.5974845886230469,0.7593392729759216,395180,3951800,497926800,(),0.9505017995834351,0.1882607787847519,35274,554,(),(),0
127,7.875540852000995,5,35274,1,0.17987753450870514,0.95197594165802,1.6658999919891357,0.7519695162773132,395180,3951800,501878600,(),0.95197594165802,0.17987753450870514,35274,554,(),(),0
128,7.888876902001357,5,35274,1,0.1762073040008545,0.9517208337783813,1.5954673290252686,0.7682337760925293,395180,3951800,505830400,(),0.9517208337783813,0.1762073040008545,35274,554,(),(),0
129,7.858886152000196,5,35274,1,0.16844017803668976,0.9536769390106201,1.711837887763977,0.7623888254165649,395180,3951800,509782200,(),0.9536769390106201,0.16844017803668976,35274,554,(),(),0
130,7.984662432998448,5,35274,1,0.18029651045799255,0.9527130722999573,1.5586031675338745,0.7743328809738159,395180,3951800,513734000,(),0.9527130722999573,0.18029651045799255,35274,554,(),(),0
131,7.8630407950004155,5,35274,1,0.16574425995349884,0.9540454745292664,1.589463472366333,0.7644218802452087,395180,3951800,517685800,(),0.9540454745292664,0.16574425995349884,35274,554,(),(),0
132,7.940834261000418,5,35274,1,0.16417528688907623,0.9556046724319458,1.489324688911438,0.7728081345558167,395180,3951800,521637600,(),0.9556046724319458,0.16417528688907623,35274,554,(),(),0
133,8.093456416998379,5,35274,1,0.15978358685970306,0.9566536545753479,1.5064456462860107,0.7756035327911377,395180,3951800,525589400,(),0.9566536545753479,0.15978358685970306,35274,554,(),(),0
134,7.8990358610026306,5,35274,1,0.16115225851535797,0.9578726291656494,1.5825215578079224,0.7700126767158508,395180,3951800,529541200,(),0.9578726291656494,0.16115225851535797,35274,554,(),(),0
135,7.934332295997592,5,35274,1,0.16321977972984314,0.9560582637786865,1.5500516891479492,0.7712833285331726,395180,3951800,533493000,(),0.9560582637786865,0.16321977972984314,35274,554,(),(),0
136,7.892503802999272,5,35274,1,0.1651480346918106,0.9568804502487183,1.5664417743682861,0.7733163833618164,395180,3951800,537444800,(),0.9568804502487183,0.1651480346918106,35274,554,(),(),0
137,7.949430200998904,5,35274,1,0.15311093628406525,0.958836555480957,1.5510053634643555,0.778653085231781,395180,3951800,541396600,(),0.958836555480957,0.15311093628406525,35274,554,(),(),0
138,7.885459279998031,5,35274,1,0.15498033165931702,0.9591767191886902,1.5698686838150024,0.7733163833618164,395180,3951800,545348400,(),0.9591767191886902,0.15498033165931702,35274,554,(),(),0
139,7.918834374999278,5,35274,1,0.16244719922542572,0.9568520784378052,1.6719204187393188,0.7682337760925293,395180,3951800,549300200,(),0.9568520784378052,0.16244719922542572,35274,554,(),(),0
140,8.002608204002172,5,35274,1,0.15418067574501038,0.9590916633605957,1.5351427793502808,0.77585768699646,395180,3951800,553252000,(),0.9590916633605957,0.15418067574501038,35274,554,(),(),0
141,7.843745397996827,5,35274,1,0.1436329334974289,0.9611045122146606,1.5666099786758423,0.7761118412017822,395180,3951800,557203800,(),0.9611045122146606,0.1436329334974289,35274,554,(),(),0
142,7.916584189999412,5,35274,1,0.1529502421617508,0.958836555480957,1.5608997344970703,0.7740787863731384,395180,3951800,561155600,(),0.958836555480957,0.1529502421617508,35274,554,(),(),0
143,7.8284542269975645,5,35274,1,0.14608822762966156,0.9617848992347717,1.5456293821334839,0.7776365876197815,395180,3951800,565107400,(),0.9617848992347717,0.14608822762966156,35274,554,(),(),0
144,8.132634663001227,5,35274,1,0.15246844291687012,0.9611045122146606,1.5018925666809082,0.7837356925010681,395180,3951800,569059200,(),0.9611045122146606,0.15246844291687012,35274,554,(),(),0
145,8.10187280199898,5,35274,1,0.14645890891551971,0.9619266390800476,1.5333000421524048,0.7857687473297119,395180,3951800,573011000,(),0.9619266390800476,0.14645890891551971,35274,554,(),(),0
146,8.072633073999896,5,35274,1,0.14469961822032928,0.9623518586158752,1.4014980792999268,0.7951715588569641,395180,3951800,576962800,(),0.9623518586158752,0.14469961822032928,35274,554,(),(),0
147,8.177713818000484,5,35274,1,0.13851413130760193,0.9627203941345215,1.5924609899520874,0.7862769961357117,395180,3951800,580914600,(),0.9627203941345215,0.13851413130760193,35274,554,(),(),0
148,8.054132053999638,5,35274,1,0.14893506467342377,0.9616998434066772,1.4909566640853882,0.7870393991470337,395180,3951800,584866400,(),0.9616998434066772,0.14893506467342377,35274,554,(),(),0
149,7.987614748999476,5,35274,1,0.13965623080730438,0.9634007811546326,1.6357431411743164,0.7837356925010681,395180,3951800,588818200,(),0.9634007811546326,0.13965623080730438,35274,554,(),(),0
150,8.092088282999612,5,35274,1,0.1453123539686203,0.9616147875785828,1.5176159143447876,0.7865311503410339,395180,3951800,592770000,(),0.9616147875785828,0.1453123539686203,35274,554,(),(),0
151,8.087526094001078,5,35274,1,0.14369775354862213,0.9625503420829773,1.5358637571334839,0.7875476479530334,395180,3951800,596721800,(),0.9625503420829773,0.14369775354862213,35274,554,(),(),0
152,7.970382708001125,5,35274,1,0.13865797221660614,0.9637693762779236,1.5617032051086426,0.789326548576355,395180,3951800,600673600,(),0.9637693762779236,0.13865797221660614,35274,554,(),(),0
153,7.998914305000653,5,35274,1,0.1423461139202118,0.9632590413093567,1.5386989116668701,0.7875476479530334,395180,3951800,604625400,(),0.9632590413093567,0.1423461139202118,35274,554,(),(),0
154,8.233042228999693,5,35274,1,0.14151573181152344,0.9638543725013733,1.555875301361084,0.7875476479530334,395180,3951800,608577200,(),0.9638543725013733,0.14151573181152344,35274,554,(),(),0
155,8.00282809700002,5,35274,1,0.14460985362529755,0.9617848992347717,1.5160490274429321,0.7939009070396423,395180,3951800,612529000,(),0.9617848992347717,0.14460985362529755,35274,554,(),(),0
156,8.026836725999601,5,35274,1,0.13622957468032837,0.9657254815101624,1.558394193649292,0.8053367137908936,395180,3951800,616480800,(),0.9657254815101624,0.13622957468032837,35274,554,(),(),0
157,8.0429371120008,5,35274,1,0.14215564727783203,0.9651017785072327,1.5983959436416626,0.7979669570922852,395180,3951800,620432600,(),0.9651017785072327,0.14215564727783203,35274,554,(),(),0
158,8.067351491001318,5,35274,1,0.14213494956493378,0.965498685836792,1.4883619546890259,0.8025413155555725,395180,3951800,624384400,(),0.965498685836792,0.14213494956493378,35274,554,(),(),0
159,7.995937995001441,5,35274,1,0.13593944907188416,0.9664341807365417,1.4734179973602295,0.7939009070396423,395180,3951800,628336200,(),0.9664341807365417,0.13593944907188416,35274,554,(),(),0
160,8.067880601996876,5,35274,1,0.1275385618209839,0.9670862555503845,1.605254054069519,0.7961880564689636,395180,3951800,632288000,(),0.9670862555503845,0.1275385618209839,35274,554,(),(),0
