path,size_bytes,sha256
outputs/stage1c/fedprox_formal/analysis/alpha01/alpha01_classification_summary.json,18411,8fe1bb8146e2e1e120c06aa64d0dd1b477d267617bbcf5d5428add8391d5fbae
outputs/stage1c/fedprox_formal/analysis/alpha05/alpha05_classification_summary.json,18242,2685e2d82cbcd7440b1ab95eb8826e5a2543b2186f25d484814c0458e7148478
outputs/stage1c/fedprox_formal/analysis/stage1ca1_cross_alpha_summary.csv,962,c57537d705dc014ff637b685ed9fb6c3d21f49191c6da3fb5f0cc64598521cff
outputs/stage1c/fedprox_formal/analysis/stage1ca1_cross_alpha_summary.json,1740,ecebba370e20491da52d35ce9daf8917162b70ac0a68dbf2411153c40246bc0b
outputs/stage1c/fedprox_formal/analysis/stage1ca1_cross_alpha_summary.md,664,319ea3b8341ce2ddc757c469290bc9f95c87a322674ffa627e0438d727d80088
outputs/stage1c/fedprox_formal/analysis/plots/stage1ca1_test_accuracy_gain_by_alpha.png,34689,57ef80788deb8cf203214fa6f18e15974ba76327bd7a051717706c8c5939d1cb
outputs/stage1c/fedprox_formal/analysis/plots/stage1ca1_macro_accuracy_gain_by_alpha.png,35840,e549a9981e0afd0a5a7bd8d4b01cac665ff986c567cf76c58875c5f556dfa22b
outputs/stage1c/fedprox_formal/Stage1C_A1_FedProx_Technical_Report_v1.0.md,4637,3c805462d1e648354322ff8539be1d722daefda5aa1177aa9f21385fe8b7839e
outputs/stage1c/fedprox_formal/analysis/alpha05/alpha05_integrity_and_pair_audit.txt,5169,cc4cf23c7580d96eebd69b7a802686ec4187e0e8c506eed91e24bb6058ff61d8
