client_id,class_id,num_samples,fraction_in_client,fraction_of_class
0,0,42,0.005355776587605203,0.2
0,1,444,0.056618209640397855,0.2
0,2,450,0.057383320581484314,0.2
0,3,282,0.035960214231063506,0.2
0,4,396,0.0504973221117062,0.2
0,5,372,0.047436878347360364,0.2
0,6,84,0.010711553175210406,0.2
0,7,288,0.036725325172149964,0.2
0,8,282,0.035960214231063506,0.2
0,9,294,0.03749043611323642,0.2
0,10,402,0.051262433052792655,0.2
0,11,264,0.03366488140780413,0.2
0,12,420,0.05355776587605203,0.2
0,13,432,0.05508798775822494,0.2
0,14,156,0.019892884468247895,0.2
0,15,126,0.016067329762815608,0.2
0,16,84,0.010711553175210406,0.2
0,17,222,0.028309104820198928,0.2
0,18,240,0.030604437643458302,0.2
0,19,42,0.005355776587605203,0.2
0,20,72,0.009181331293037491,0.2
0,21,66,0.008416220351951033,0.2
0,22,78,0.009946442234123947,0.2
0,23,102,0.013006885998469778,0.2
0,24,54,0.006885998469778117,0.2
0,25,300,0.03825554705432287,0.2
0,26,120,0.015302218821729151,0.2
0,27,48,0.00612088752869166,0.2
0,28,108,0.013771996939556235,0.2
0,29,54,0.006885998469778117,0.2
0,30,90,0.011476664116296864,0.2
0,31,156,0.019892884468247895,0.2
0,32,48,0.00612088752869166,0.2
0,33,138,0.017597551644988524,0.20029027576197386
0,34,84,0.010711553175210406,0.2
0,35,240,0.030604437643458302,0.2
0,36,78,0.009946442234123947,0.2
0,37,42,0.005355776587605203,0.2
0,38,414,0.05279265493496557,0.2
0,39,60,0.0076511094108645756,0.2
0,40,72,0.009181331293037491,0.2
0,41,48,0.00612088752869166,0.2
0,42,48,0.00612088752869166,0.2
1,0,42,0.005355776587605203,0.2
1,1,444,0.056618209640397855,0.2
1,2,450,0.057383320581484314,0.2
1,3,282,0.035960214231063506,0.2
1,4,396,0.0504973221117062,0.2
1,5,372,0.047436878347360364,0.2
1,6,84,0.010711553175210406,0.2
1,7,288,0.036725325172149964,0.2
1,8,282,0.035960214231063506,0.2
1,9,294,0.03749043611323642,0.2
1,10,402,0.051262433052792655,0.2
1,11,264,0.03366488140780413,0.2
1,12,420,0.05355776587605203,0.2
1,13,432,0.05508798775822494,0.2
1,14,156,0.019892884468247895,0.2
1,15,126,0.016067329762815608,0.2
1,16,84,0.010711553175210406,0.2
1,17,222,0.028309104820198928,0.2
1,18,240,0.030604437643458302,0.2
1,19,42,0.005355776587605203,0.2
1,20,72,0.009181331293037491,0.2
1,21,66,0.008416220351951033,0.2
1,22,78,0.009946442234123947,0.2
1,23,102,0.013006885998469778,0.2
1,24,54,0.006885998469778117,0.2
1,25,300,0.03825554705432287,0.2
1,26,120,0.015302218821729151,0.2
1,27,48,0.00612088752869166,0.2
1,28,108,0.013771996939556235,0.2
1,29,54,0.006885998469778117,0.2
1,30,90,0.011476664116296864,0.2
1,31,156,0.019892884468247895,0.2
1,32,48,0.00612088752869166,0.2
1,33,138,0.017597551644988524,0.20029027576197386
1,34,84,0.010711553175210406,0.2
1,35,240,0.030604437643458302,0.2
1,36,78,0.009946442234123947,0.2
1,37,42,0.005355776587605203,0.2
1,38,414,0.05279265493496557,0.2
1,39,60,0.0076511094108645756,0.2
1,40,72,0.009181331293037491,0.2
1,41,48,0.00612088752869166,0.2
1,42,48,0.00612088752869166,0.2
2,0,42,0.005356459635250606,0.2
2,1,444,0.056625430429792116,0.2
2,2,450,0.057390638949113636,0.2
2,3,282,0.03596480040811121,0.2
2,4,396,0.05050376227522,0.2
2,5,372,0.047442928197933935,0.2
2,6,84,0.010712919270501211,0.2
2,7,288,0.03673000892743272,0.2
2,8,282,0.03596480040811121,0.2
2,9,294,0.03749521744675424,0.2
2,10,402,0.05126897079454151,0.2
2,11,264,0.033669174850146665,0.2
2,12,420,0.05356459635250606,0.2
2,13,432,0.05509501339114909,0.2
2,14,156,0.019895421502359394,0.2
2,15,126,0.016069378905751816,0.2
2,16,84,0.010712919270501211,0.2
2,17,222,0.028312715214896058,0.2
2,18,240,0.030608340772860603,0.2
2,19,42,0.005356459635250606,0.2
2,20,72,0.00918250223185818,0.2
2,21,66,0.008417293712536666,0.2
2,22,78,0.009947710751179697,0.2
2,23,102,0.013008544828465756,0.2
2,24,54,0.006886876673893636,0.2
2,25,300,0.038260425966075755,0.2
2,26,120,0.015304170386430302,0.2
2,27,48,0.006121668154572121,0.2
2,28,108,0.013773753347787273,0.2
2,29,54,0.006886876673893636,0.2
2,30,90,0.011478127789822727,0.2
2,31,156,0.019895421502359394,0.2
2,32,48,0.006121668154572121,0.2
2,33,137,0.017472261191174596,0.1988388969521045
2,34,84,0.010712919270501211,0.2
2,35,240,0.030608340772860603,0.2
2,36,78,0.009947710751179697,0.2
2,37,42,0.005356459635250606,0.2
2,38,414,0.052799387833184545,0.2
2,39,60,0.007652085193215151,0.2
2,40,72,0.00918250223185818,0.2
2,41,48,0.006121668154572121,0.2
2,42,48,0.006121668154572121,0.2
3,0,42,0.005355776587605203,0.2
3,1,444,0.056618209640397855,0.2
3,2,450,0.057383320581484314,0.2
3,3,282,0.035960214231063506,0.2
3,4,396,0.0504973221117062,0.2
3,5,372,0.047436878347360364,0.2
3,6,84,0.010711553175210406,0.2
3,7,288,0.036725325172149964,0.2
3,8,282,0.035960214231063506,0.2
3,9,294,0.03749043611323642,0.2
3,10,402,0.051262433052792655,0.2
3,11,264,0.03366488140780413,0.2
3,12,420,0.05355776587605203,0.2
3,13,432,0.05508798775822494,0.2
3,14,156,0.019892884468247895,0.2
3,15,126,0.016067329762815608,0.2
3,16,84,0.010711553175210406,0.2
3,17,222,0.028309104820198928,0.2
3,18,240,0.030604437643458302,0.2
3,19,42,0.005355776587605203,0.2
3,20,72,0.009181331293037491,0.2
3,21,66,0.008416220351951033,0.2
3,22,78,0.009946442234123947,0.2
3,23,102,0.013006885998469778,0.2
3,24,54,0.006885998469778117,0.2
3,25,300,0.03825554705432287,0.2
3,26,120,0.015302218821729151,0.2
3,27,48,0.00612088752869166,0.2
3,28,108,0.013771996939556235,0.2
3,29,54,0.006885998469778117,0.2
3,30,90,0.011476664116296864,0.2
3,31,156,0.019892884468247895,0.2
3,32,48,0.00612088752869166,0.2
3,33,138,0.017597551644988524,0.20029027576197386
3,34,84,0.010711553175210406,0.2
3,35,240,0.030604437643458302,0.2
3,36,78,0.009946442234123947,0.2
3,37,42,0.005355776587605203,0.2
3,38,414,0.05279265493496557,0.2
3,39,60,0.0076511094108645756,0.2
3,40,72,0.009181331293037491,0.2
3,41,48,0.00612088752869166,0.2
3,42,48,0.00612088752869166,0.2
4,0,42,0.005355776587605203,0.2
4,1,444,0.056618209640397855,0.2
4,2,450,0.057383320581484314,0.2
4,3,282,0.035960214231063506,0.2
4,4,396,0.0504973221117062,0.2
4,5,372,0.047436878347360364,0.2
4,6,84,0.010711553175210406,0.2
4,7,288,0.036725325172149964,0.2
4,8,282,0.035960214231063506,0.2
4,9,294,0.03749043611323642,0.2
4,10,402,0.051262433052792655,0.2
4,11,264,0.03366488140780413,0.2
4,12,420,0.05355776587605203,0.2
4,13,432,0.05508798775822494,0.2
4,14,156,0.019892884468247895,0.2
4,15,126,0.016067329762815608,0.2
4,16,84,0.010711553175210406,0.2
4,17,222,0.028309104820198928,0.2
4,18,240,0.030604437643458302,0.2
4,19,42,0.005355776587605203,0.2
4,20,72,0.009181331293037491,0.2
4,21,66,0.008416220351951033,0.2
4,22,78,0.009946442234123947,0.2
4,23,102,0.013006885998469778,0.2
4,24,54,0.006885998469778117,0.2
4,25,300,0.03825554705432287,0.2
4,26,120,0.015302218821729151,0.2
4,27,48,0.00612088752869166,0.2
4,28,108,0.013771996939556235,0.2
4,29,54,0.006885998469778117,0.2
4,30,90,0.011476664116296864,0.2
4,31,156,0.019892884468247895,0.2
4,32,48,0.00612088752869166,0.2
4,33,138,0.017597551644988524,0.20029027576197386
4,34,84,0.010711553175210406,0.2
4,35,240,0.030604437643458302,0.2
4,36,78,0.009946442234123947,0.2
4,37,42,0.005355776587605203,0.2
4,38,414,0.05279265493496557,0.2
4,39,60,0.0076511094108645756,0.2
4,40,72,0.009181331293037491,0.2
4,41,48,0.00612088752869166,0.2
4,42,48,0.00612088752869166,0.2
