class_id,num_test_samples,num_correct,class_accuracy
0,60,0,0.0
1,720,428,0.5944444444444444
2,750,439,0.5853333333333334
3,450,91,0.20222222222222222
4,660,236,0.3575757575757576
5,630,122,0.19365079365079366
6,150,94,0.6266666666666667
7,450,194,0.4311111111111111
8,450,272,0.6044444444444445
9,480,263,0.5479166666666667
10,660,656,0.9939393939393939
11,420,315,0.75
12,690,567,0.8217391304347826
13,720,699,0.9708333333333333
14,270,269,0.9962962962962963
15,210,204,0.9714285714285714
16,150,85,0.5666666666666667
17,360,265,0.7361111111111112
18,390,227,0.5820512820512821
19,60,0,0.0
20,90,0,0.0
21,90,32,0.35555555555555557
22,120,24,0.2
23,150,33,0.22
24,90,6,0.06666666666666667
25,480,310,0.6458333333333334
26,180,99,0.55
27,60,1,0.016666666666666666
28,150,29,0.19333333333333333
29,90,21,0.23333333333333334
30,150,7,0.04666666666666667
31,270,181,0.6703703703703704
32,60,60,1.0
33,210,138,0.6571428571428571
34,120,60,0.5
35,390,270,0.6923076923076923
36,120,27,0.225
37,60,14,0.23333333333333334
38,690,613,0.8884057971014493
39,90,60,0.6666666666666666
40,90,59,0.6555555555555556
41,60,38,0.6333333333333333
42,90,22,0.24444444444444444
