round,round_seconds,num_clients,total_client_train_samples,local_epochs,train_loss,train_accuracy,val_loss,val_accuracy,global_weight_l2_norm_before,global_weight_l2_norm_after,global_model_delta_norm,relative_global_model_delta_norm,model_bytes,estimated_round_communication_bytes,estimated_cumulative_communication_bytes,tff_distributor,tff_client_work__train__accuracy,tff_client_work__train__loss,tff_client_work__train__num_examples,tff_client_work__train__num_batches,tff_aggregator__mean_value,tff_aggregator__mean_weight,tff_finalizer__update_non_finite
1,9.04162210999857,5,35274,1,2.56742525100708,0.22605885565280914,3.6379473209381104,0.0828462541103363,14.034134219146242,14.103077271723897,1.362504523994827,0.09708504299011286,395180,3951800,3951800,(),0.22605885565280914,2.56742525100708,35274,554,(),(),0
2,8.23609917399881,5,35274,1,2.3821849822998047,0.25752678513526917,3.595729112625122,0.07827191799879074,14.103077271723897,14.224570898011086,1.1312442460104875,0.08021258227653526,395180,3951800,7903600,(),0.25752678513526917,2.3821849822998047,35274,554,(),(),0
3,8.250945594998484,5,35274,1,2.275057077407837,0.28632986545562744,3.452249765396118,0.10165183991193771,14.224570898011086,14.39372772555517,1.1411814674599798,0.08022607329543717,395180,3951800,11855400,(),0.28632986545562744,2.275057077407837,35274,554,(),(),0
4,8.400581473000784,5,35274,1,2.183065414428711,0.3045869469642639,3.4079525470733643,0.09047014266252518,14.39372772555517,14.583747120986075,1.014810565408429,0.07050366553805903,395180,3951800,15807200,(),0.3045869469642639,2.183065414428711,35274,554,(),(),0
5,8.34058155400271,5,35274,1,2.115323543548584,0.3227589726448059,3.365051031112671,0.09529860317707062,14.583747120986075,14.754229471800882,0.8330423572537996,0.05712128373750036,395180,3951800,19759000,(),0.3227589726448059,2.115323543548584,35274,554,(),(),0
6,8.354021194998495,5,35274,1,2.0742075443267822,0.33636674284935,3.4586262702941895,0.09072426706552505,14.754229471800882,14.921264991865915,0.7209018910009783,0.048860693971095326,395180,3951800,23710800,(),0.33636674284935,2.0742075443267822,35274,554,(),(),0
7,8.306193427000835,5,35274,1,2.0443952083587646,0.34410613775253296,3.313368797302246,0.10063532739877701,14.921264991865915,15.068872340226912,0.6638169909508147,0.04448798351297184,395180,3951800,27662600,(),0.34410613775253296,2.0443952083587646,35274,554,(),(),0
8,8.39736513400203,5,35274,1,2.023099899291992,0.34997448325157166,3.317725896835327,0.09987293183803558,15.068872340226912,15.21878547368034,0.6285067408186178,0.04170894321938051,395180,3951800,31614400,(),0.34997448325157166,2.023099899291992,35274,554,(),(),0
9,8.32618366799943,5,35274,1,2.0026044845581055,0.35363155603408813,3.316204071044922,0.09529860317707062,15.21878547368034,15.36000358793726,0.6452448867466141,0.0423979224795903,395180,3951800,35566200,(),0.35363155603408813,2.0026044845581055,35274,554,(),(),0
10,8.311624752997886,5,35274,1,1.9864420890808105,0.36060553789138794,3.269169807434082,0.11029224842786789,15.36000358793726,15.499569375068315,0.6123538420031488,0.039866777276279505,395180,3951800,39518000,(),0.36060553789138794,1.9864420890808105,35274,554,(),(),0
11,8.46551705499951,5,35274,1,1.9722331762313843,0.35927310585975647,3.3203399181365967,0.1069885641336441,15.499569375068315,15.645867442155263,0.5659883362474127,0.03651639103972965,395180,3951800,43469800,(),0.35927310585975647,1.9722331762313843,35274,554,(),(),0
12,8.389463765000983,5,35274,1,1.9489696025848389,0.3690536916255951,3.1690104007720947,0.11639136075973511,15.645867442155263,15.77072983898682,0.5675724324475533,0.03627618823602717,395180,3951800,47421600,(),0.3690536916255951,1.9489696025848389,35274,554,(),(),0
13,8.438644030000432,5,35274,1,1.9405863285064697,0.3725123405456543,3.519619941711426,0.11689961701631546,15.77072983898682,15.923511149663854,0.6217914244323809,0.03942692765525983,395180,3951800,51373400,(),0.3725123405456543,1.9405863285064697,35274,554,(),(),0
14,8.45309361299951,5,35274,1,1.9270246028900146,0.37622612714767456,3.2067158222198486,0.11385006457567215,15.923511149663854,16.056885678017608,0.6062095198698743,0.03807009108557514,395180,3951800,55325200,(),0.37622612714767456,1.9270246028900146,35274,554,(),(),0
15,8.41526835699915,5,35274,1,1.909690499305725,0.38090378046035767,3.111105442047119,0.12528589367866516,16.056885678017608,16.206345510533488,0.5625376365287785,0.03503404382450768,395180,3951800,59277000,(),0.38090378046035767,1.909690499305725,35274,554,(),(),0
16,8.338673512997048,5,35274,1,1.8935908079147339,0.38518455624580383,3.185678482055664,0.13468869030475616,16.206345510533488,16.36213987920151,0.5977227390904107,0.0368820187562899,395180,3951800,63228800,(),0.38518455624580383,1.8935908079147339,35274,554,(),(),0
17,8.317357877000177,5,35274,1,1.8817912340164185,0.38614845275878906,3.3794357776641846,0.1257941573858261,16.36213987920151,16.530719442899397,0.623858994335557,0.03812820321433421,395180,3951800,67180600,(),0.38614845275878906,1.8817912340164185,35274,554,(),(),0
18,8.393229489000078,5,35274,1,1.8696658611297607,0.39261212944984436,3.164912462234497,0.13570520281791687,16.530719442899397,16.6974781813781,0.6903412912582579,0.04176111594191909,395180,3951800,71132400,(),0.39261212944984436,1.8696658611297607,35274,554,(),(),0
19,8.345667358000355,5,35274,1,1.850314974784851,0.39907580614089966,3.0800843238830566,0.12020330131053925,16.6974781813781,16.90201627787441,0.6923333278993528,0.04146334676283507,395180,3951800,75084200,(),0.39907580614089966,1.850314974784851,35274,554,(),(),0
20,8.370838908998849,5,35274,1,1.8395634889602661,0.4029313325881958,3.023922920227051,0.154256671667099,16.90201627787441,17.106141873269348,0.6827046193735241,0.040391904027877366,395180,3951800,79036000,(),0.4029313325881958,1.8395634889602661,35274,554,(),(),0
21,8.349416188997566,5,35274,1,1.820586085319519,0.4051709473133087,3.0091910362243652,0.15196950733661652,17.106141873269348,17.32267201319682,0.6769839099945186,0.03957548785751609,395180,3951800,82987800,(),0.4051709473133087,1.820586085319519,35274,554,(),(),0
22,8.440587529999902,5,35274,1,1.8007103204727173,0.4105289876461029,2.9934730529785156,0.15400254726409912,17.32267201319682,17.54323161810185,0.6777481035803063,0.03912491693336813,395180,3951800,86939600,(),0.4105289876461029,1.8007103204727173,35274,554,(),(),0
23,8.321466368000983,5,35274,1,1.7830636501312256,0.41719111800193787,3.018629550933838,0.14968234300613403,17.54323161810185,17.79033745536536,0.7403129875595689,0.042199350933478104,395180,3951800,90891400,(),0.41719111800193787,1.7830636501312256,35274,554,(),(),0
24,8.396243063998554,5,35274,1,1.7525317668914795,0.42546918988227844,2.982628583908081,0.13875477015972137,17.79033745536536,18.053762437225487,0.7784316955183789,0.04375587014419521,395180,3951800,94843200,(),0.42546918988227844,1.7525317668914795,35274,554,(),(),0
25,8.37564204299997,5,35274,1,1.7433680295944214,0.4292963743209839,2.8506598472595215,0.17128334939479828,18.053762437225487,18.32127145238764,0.7833638127515006,0.04339061264793558,395180,3951800,98795000,(),0.4292963743209839,1.7433680295944214,35274,554,(),(),0
26,8.480618329002027,5,35274,1,1.7058855295181274,0.44191187620162964,2.97326922416687,0.14815756678581238,18.32127145238764,18.611721690831153,0.7610546226524917,0.041539399960875016,395180,3951800,102746800,(),0.44191187620162964,1.7058855295181274,35274,554,(),(),0
27,8.512470786998165,5,35274,1,1.6793537139892578,0.4480353891849518,2.812936544418335,0.19364675879478455,18.611721690831153,18.92113569767612,0.8737369598384066,0.04694552037433715,395180,3951800,106698600,(),0.4480353891849518,1.6793537139892578,35274,554,(),(),0
28,9.021953914998448,5,35274,1,1.6514577865600586,0.4584963321685791,2.9378089904785156,0.1656925082206726,18.92113569767612,19.25433821086057,0.8800559500323651,0.04651179316580098,395180,3951800,110650400,(),0.4584963321685791,1.6514577865600586,35274,554,(),(),0
29,8.5625660600017,5,35274,1,1.5986000299453735,0.476583331823349,2.8290069103240967,0.21956798434257507,19.25433821086057,19.61169775386076,0.9058961952701546,0.04704893958698494,395180,3951800,114602200,(),0.476583331823349,1.5986000299453735,35274,554,(),(),0
30,8.460281231000408,5,35274,1,1.5671608448028564,0.4864489436149597,5.499706745147705,0.0787801742553711,19.61169775386076,19.974244667301697,1.126620594939324,0.05744635722409792,395180,3951800,118554000,(),0.4864489436149597,1.5671608448028564,35274,554,(),(),0
