mu,round,reconstruction_allclose,val_accuracy,val_loss,global_model_delta_norm,weighted_mean_client_distance,weighted_mean_relative_distance,weighted_mean_final_penalty,min_client_distance,max_client_distance,std_client_distance,baseline_client_distance,client_distance_ratio_to_mu0,client_distance_reduction_percent
mu0,1,True,0.0658697858452797,3.530195713043213,1.1517699739420193,1.9321738300779816,0.13767673872193617,0.0,1.7555687356354477,2.242795479168916,0.17417722980946074,1.9321738300779816,1.0,0.0
mu0.01,1,True,0.067141406238079,3.5274646282196045,1.1885698245354217,2.003346464931836,0.14274813349004067,0.020207545409046013,1.8276666620361708,2.3054342514063904,0.17321952837600468,1.9321738300779816,1.036835523670757,-3.683552367075693
mu0.1,1,True,0.071464903652668,3.509103775024414,1.766014407386908,3.0897410060030044,0.22015900359480572,0.4800391008944686,2.757504759495888,3.394526317053564,0.23164505243597305,1.9321738300779816,1.5991009493583215,-59.91009493583215
mu0,10,True,0.1360630691051483,3.008023262023926,0.539268360578799,1.2678712783614277,0.08345949485598657,0.0,1.194991656444861,1.4319527993560994,0.08633643846109611,1.2678712783614277,1.0,0.0
mu0.01,10,True,0.1373346894979477,3.0009360313415527,0.5610998527647083,1.3168323406169125,0.08636737331033298,0.008705842941026167,1.2400450581931857,1.477294147800909,0.08505502625248085,1.2678712783614277,1.0386167453203619,-3.8616745320361856
mu0.1,10,True,0.1599694788455963,2.888711452484131,0.9725164545846976,2.1213146084276726,0.13208687867466562,0.2253112493779288,1.9926217033759888,2.227565329191758,0.07866403239895656,1.2678712783614277,1.6731308963550453,-67.31308963550453
mu0,30,True,0.2616988718509674,2.4242160320281982,0.7727940900757799,1.3757000045063001,0.07120581198291603,0.0,1.2846456153671646,1.4486281077157246,0.05707712327710732,1.3757000045063001,1.0,0.0
mu0.01,30,True,0.2797558605670929,2.3436717987060547,0.8283710864575178,1.4456533477902982,0.07290888198751111,0.010458430843449756,1.3730637959691323,1.4983761779889857,0.04221534961406756,1.3757000045063001,1.050849271683402,-5.084927168340192
mu0.1,30,True,0.5752797722816467,1.3292865753173828,1.222777637288814,2.193562296892497,0.07994356352510346,0.24108539841741453,2.07961104411914,2.343289019156795,0.09910965491745291,1.3757000045063001,1.5945062802261925,-59.45062802261924
